{
    "Corrida": [],
    "Sobrevivencia": [
        {
            "nome": "tods",
            "tempo": 17.8,
            "id": 1774288303.488079
        },
        {
            "nome": "tods",
            "tempo": 15.0,
            "id": 1774287573.2550058
        },
        {
            "nome": "te",
            "tempo": 4.0,
            "id": 1774288094.0296047
        },
        {
            "nome": "te",
            "tempo": 0.8,
            "id": 1774288044.869878
        }
    ],
    "Hardcore": [],
    "Corrida_Infinita": [],
    "Labirinto_Infinito": []
}